CV2_dtx	CV2_ctrl	Freq_DTX	Freq_ctrl
0.97843	1.23203	0.8132	0.01851
0.19307	1.01078	12.7524	2.43896
0.1052	1.11055	13.2433	0.32455
0.27668	1.42179	13.2168	0.1446
1.16657	1.04221	0.04812	0.99575
0.94984		0.47852	0.00278
1.10262	1.21743	0.9009	0.00823
1.03594		0.80302	
0.27824		20.6932	
0.52802		7.10432	
1.03672		1.75854	
0.80318		0.41934	
0.37708		1.5857	
0.40634		4.85157	
		0	
0.93362		1.66238	
			
1.04042		0.24663	
		0	
			
			
